Date,ad_line
2023-01-02,8723
2023-01-03,8556
2023-01-04,8960
2023-01-05,9079
2023-01-06,9423
2023-01-09,10110
2023-01-10,10155
2023-01-11,10499
2023-01-12,10625
2023-01-13,10804
2023-01-16,10954
2023-01-17,10589
2023-01-18,10348
2023-01-19,10467
2023-01-20,10780
2023-01-25,10985
2023-01-26,11346
2023-01-27,11614
2023-01-30,11205
2023-01-31,11328
2023-02-01,11491
2023-02-02,11830
2023-02-03,11761
2023-02-06,11713
2023-02-07,11602
2023-02-08,11899
2023-02-09,11762
2023-02-10,11444
2023-02-13,11258
2023-02-14,11374
2023-02-15,10695
2023-02-16,11150
2023-02-17,11060
2023-02-20,11302
2023-02-21,11523
2023-02-22,10925
2023-02-23,11063
2023-02-24,10641
2023-02-27,10214
2023-02-28,10356
2023-03-02,10465
2023-03-03,10529
2023-03-06,10525
2023-03-07,10573
2023-03-08,10092
2023-03-09,10024
2023-03-10,9377
2023-03-13,8985
2023-03-14,8171
2023-03-15,8694
2023-03-16,8261
2023-03-17,8692
2023-03-20,8703
2023-03-21,8680
2023-03-22,8495
2023-03-23,8071
2023-03-24,8136
2023-03-27,7909
2023-03-28,8402
2023-03-29,8641
2023-03-30,8947
2023-03-31,9014
2023-04-03,9146
2023-04-04,9520
2023-04-05,9483
2023-04-06,8978
2023-04-07,8998
2023-04-10,8557
2023-04-11,9036
2023-04-12,9404
2023-04-13,9610
2023-04-14,9950
2023-04-17,10057
2023-04-18,9804
2023-04-19,10118
2023-04-20,9708
2023-04-21,9318
2023-04-24,8836
2023-04-25,8458
2023-04-26,8231
2023-04-27,8169
2023-04-28,8145
2023-05-02,8532
2023-05-03,8350
2023-05-04,8347
2023-05-08,8614
2023-05-09,8468
2023-05-10,8391
2023-05-11,8538
2023-05-12,8132
2023-05-15,7904
2023-05-16,7654
2023-05-17,7887
2023-05-18,8185
2023-05-19,8385
2023-05-22,8781
2023-05-23,8789
2023-05-24,8724
2023-05-25,8234
2023-05-26,7759
2023-05-30,7815
2023-05-31,7568
2023-06-01,7564
2023-06-02,7898
2023-06-05,8337
2023-06-07,8322
2023-06-08,8187
2023-06-09,8309
2023-06-12,8049
2023-06-13,7970
2023-06-14,7553
2023-06-15,7178
2023-06-16,7510
2023-06-19,7578
2023-06-20,7364
2023-06-21,6899
2023-06-22,6765
2023-06-23,6232
2023-06-26,6339
2023-06-27,6346
2023-06-28,6208
2023-06-29,5635
2023-06-30,5993
2023-07-03,6327
2023-07-04,6037
2023-07-05,5664
2023-07-06,5075
2023-07-07,4646
2023-07-10,4620
2023-07-11,4993
2023-07-12,5125
2023-07-13,5193
2023-07-14,5225
2023-07-17,5076
2023-07-18,4539
2023-07-19,4218
2023-07-20,4249
2023-07-21,4096
2023-07-24,3435
2023-07-25,3022
2023-07-26,2211
2023-07-27,2754
2023-07-28,3133
2023-07-31,3659
2023-08-01,4027
2023-08-02,3604
2023-08-03,3433
2023-08-04,3631
2023-08-07,3478
2023-08-08,3091
2023-08-09,3324
2023-08-10,3416
2023-08-11,3643
2023-08-14,3336
2023-08-16,2699
2023-08-17,2300
2023-08-18,2139
2023-08-21,2159
2023-08-22,2039
2023-08-23,1906
2023-08-24,2120
2023-08-25,1995
2023-08-28,2560
2023-08-29,2924
2023-08-30,2992
2023-08-31,2829
2023-09-01,2588
2023-09-04,2583
2023-09-05,2386
2023-09-06,2092
2023-09-07,1579
2023-09-08,1921
2023-09-11,2066
2023-09-12,1662
2023-09-13,1432
2023-09-14,1786
2023-09-15,2181
2023-09-18,1959
2023-09-19,1686
2023-09-20,1523
2023-09-21,854
2023-09-22,550
2023-09-25,122
2023-09-26,-462
2023-09-27,-80
2023-10-04,-828
2023-10-05,-1109
2023-10-06,-680
2023-10-10,-1042
2023-10-11,-512
2023-10-12,-35
2023-10-13,-347
2023-10-16,-736
2023-10-17,-442
2023-10-18,-526
2023-10-19,-1234
2023-10-20,-1855
2023-10-23,-2161
2023-10-24,-1777
2023-10-25,-1439
2023-10-26,-2184
2023-10-27,-2153
2023-10-30,-1846
2023-10-31,-2233
2023-11-01,-1857
2023-11-02,-1380
2023-11-03,-831
2023-11-06,-251
2023-11-07,-646
2023-11-08,-771
2023-11-09,-781
2023-11-10,-1129
2023-11-13,-1430
2023-11-14,-908
2023-11-15,-308
2023-11-16,-78
2023-11-17,-421
2023-11-20,1
2023-11-21,323
2023-11-22,329
2023-11-23,260
2023-11-24,302
2023-11-27,128
2023-11-28,166
2023-11-29,-147
2023-11-30,87
2023-12-01,-26
2023-12-04,29
2023-12-05,-126
2023-12-06,0
2023-12-07,-173
2023-12-08,36
2023-12-11,139
2023-12-12,91
2023-12-13,-224
2023-12-14,-162
2023-12-15,-46
2023-12-18,-22
2023-12-19,-180
2023-12-20,289
2023-12-21,-69
2023-12-22,-64
2023-12-26,-178
2023-12-27,-465
2023-12-28,6
2024-01-02,0
2024-01-03,-320
2024-01-04,-654
2024-01-05,-822
2024-01-08,-961
2024-01-09,-680
2024-01-10,-874
2024-01-11,-879
2024-01-12,-1226
2024-01-15,-1491
2024-01-16,-1907
2024-01-17,-2673
2024-01-18,-2696
2024-01-19,-2525
2024-01-22,-2800
2024-01-23,-2700
2024-01-24,-3032
2024-01-25,-3057
2024-01-26,-2823
2024-01-29,-2665
2024-01-30,-2560
2024-01-31,-2735
2024-02-01,-2312
2024-02-02,-1785
2024-02-05,-1812
2024-02-06,-2149
2024-02-07,-1756
2024-02-08,-1745
2024-02-13,-1439
2024-02-14,-1565
2024-02-15,-1774
2024-02-16,-1400
2024-02-19,-1050
2024-02-20,-1357
2024-02-21,-1595
2024-02-22,-1757
2024-02-23,-1931
2024-02-26,-2353
2024-02-27,-2947
2024-02-28,-2685
2024-02-29,-2889
2024-03-04,-2892
2024-03-05,-3213
2024-03-06,-3406
2024-03-07,-3690
2024-03-08,-3522
2024-03-11,-3684
2024-03-12,-3811
2024-03-13,-3796
2024-03-14,-3660
2024-03-15,-3885
2024-03-18,-3898
2024-03-19,-4218
2024-03-20,-4119
2024-03-21,-3684
2024-03-22,-3582
2024-03-25,-3766
2024-03-26,-3715
2024-03-27,-3850
2024-03-28,-4118
2024-03-29,-4448
2024-04-01,-4167
2024-04-02,-4610
2024-04-03,-4998
2024-04-04,-5040
2024-04-05,-5422
2024-04-08,-5732
2024-04-09,-5855
2024-04-11,-6193
2024-04-12,-6331
2024-04-15,-6607
2024-04-16,-7247
2024-04-17,-7298
2024-04-18,-6658
2024-04-19,-7048
2024-04-22,-6617
2024-04-23,-6549
2024-04-24,-6214
2024-04-25,-6344
2024-04-26,-6300
2024-04-29,-5752
2024-04-30,-5722
2024-05-02,-5879
2024-05-03,-5957
2024-05-07,-5661
2024-05-08,-5365
2024-05-09,-5542
2024-05-10,-5420
2024-05-13,-5524
2024-05-14,-5338
2024-05-16,-5153
2024-05-17,-5422
2024-05-20,-5491
2024-05-21,-5780
2024-05-22,-5854
2024-05-23,-6035
2024-05-24,-6390
2024-05-27,-6407
2024-05-28,-6475
2024-05-29,-6926
2024-05-30,-7401
2024-05-31,-7203
2024-06-03,-6818
2024-06-04,-7226
2024-06-05,-7245
2024-06-07,-7190
2024-06-10,-7314
2024-06-11,-7477
2024-06-12,-7349
2024-06-13,-7416
2024-06-14,-7505
2024-06-17,-7668
2024-06-18,-7797
2024-06-19,-7987
2024-06-20,-7866
2024-06-21,-8149
2024-06-24,-8547
2024-06-25,-8428
2024-06-26,-8585
2024-06-27,-8940
2024-06-28,-8654
2024-07-01,-8771
2024-07-02,-9264
2024-07-03,-9573
2024-07-04,-9475
2024-07-05,-9536
2024-07-08,-9365
2024-07-09,-9323
2024-07-10,-9332
2024-07-11,-9307
2024-07-12,-9309
2024-07-15,-9198
2024-07-16,-9345
2024-07-17,-9394
2024-07-18,-9712
2024-07-19,-9984
2024-07-22,-10443
2024-07-23,-10576
2024-07-24,-10693
2024-07-25,-11255
2024-07-26,-10945
2024-07-29,-10564
2024-07-30,-10999
2024-07-31,-10722
2024-08-01,-10337
2024-08-02,-11138
2024-08-05,-12039
2024-08-06,-11266
2024-08-07,-10725
2024-08-08,-10769
2024-08-09,-10278
2024-08-12,-9805
2024-08-13,-10034
2024-08-14,-9625
2024-08-16,-9559
2024-08-19,-9748
2024-08-20,-9350
2024-08-21,-9391
2024-08-22,-9699
2024-08-23,-9699
2024-08-26,-9832
2024-08-27,-9819
2024-08-28,-10188
2024-08-29,-10487
2024-08-30,-10206
2024-09-02,-10414
2024-09-03,-10375
2024-09-04,-11174
2024-09-05,-11339
2024-09-06,-11956
2024-09-09,-11827
2024-09-10,-12018
2024-09-11,-12202
2024-09-12,-11571
2024-09-13,-11244
2024-09-19,-11117
2024-09-20,-10871
2024-09-23,-10886
2024-09-24,-10552
2024-09-25,-10711
2024-09-26,-10106
2024-09-27,-10151
2024-09-30,-10675
2024-10-02,-11202
2024-10-04,-11153
2024-10-07,-10799
2024-10-08,-11066
2024-10-10,-11050
2024-10-11,-11167
2024-10-14,-11084
2024-10-15,-11113
2024-10-16,-11340
2024-10-17,-11496
2024-10-18,-11816
2024-10-21,-11806
2024-10-22,-12300
2024-10-23,-12261
2024-10-24,-12613
2024-10-25,-12972
2024-10-28,-12630
2024-10-29,-12664
2024-10-30,-12825
2024-10-31,-12754
2024-11-01,-13063
2024-11-04,-12700
2024-11-05,-12547
2024-11-06,-12782
2024-11-07,-12938
2024-11-08,-13017
2024-11-11,-13558
2024-11-12,-14224
2024-11-13,-14917
2024-11-14,-14933
2024-11-15,-14817
2024-11-18,-14485
2024-11-19,-14434
2024-11-20,-14420
2024-11-21,-14504
2024-11-22,-14342
2024-11-25,-14018
2024-11-26,-13929
2024-11-27,-14071
2024-11-28,-13919
2024-11-29,-14466
2024-12-02,-14927
2024-12-03,-14356
2024-12-04,-14912
2024-12-05,-15458
2024-12-06,-15860
2024-12-09,-16660
2024-12-10,-15841
2024-12-11,-15139
2024-12-12,-14806
2024-12-13,-14436
2024-12-16,-14345
2024-12-17,-14460
2024-12-18,-14188
2024-12-19,-14656
2024-12-20,-15157
2024-12-23,-14627
2024-12-24,-14716
2024-12-26,-15008
2024-12-27,-15699
2024-12-30,-15698
2025-01-02,-15668
2025-01-03,-15179
2025-01-06,-14814
2025-01-07,-14800
2025-01-08,-14749
2025-01-09,-14904
2025-01-10,-14852
2025-01-13,-15225
2025-01-14,-15079
2025-01-15,-15410
2025-01-16,-15093
2025-01-17,-15104
2025-01-20,-15204
2025-01-21,-15301
2025-01-22,-15378
2025-01-23,-15878
2025-01-24,-15660
2025-01-31,-15885
2025-02-03,-16608
2025-02-04,-16125
2025-02-05,-15839
2025-02-06,-15528
2025-02-07,-15837
2025-02-10,-15875
2025-02-11,-15811
2025-02-12,-16030
2025-02-13,-15771
2025-02-14,-15637
2025-02-17,-15291
2025-02-18,-15208
2025-02-19,-14934
2025-02-20,-14898
2025-02-21,-14765
2025-02-24,-14740
2025-02-25,-14910
2025-02-26,-14700
2025-02-27,-14945
2025-02-28,-15679
2025-03-04,-15963
2025-03-05,-15432
2025-03-06,-15342
2025-03-07,-15531
2025-03-10,-15594
2025-03-11,-16145
2025-03-12,-15987
2025-03-13,-16194
2025-03-14,-16046
2025-03-17,-15873
2025-03-18,-15873
2025-03-19,-15735
2025-03-20,-15947
2025-03-21,-16194
2025-03-24,-16252
2025-03-25,-16525
2025-03-26,-16485
2025-03-27,-16809
2025-03-28,-17367
2025-03-31,-18103
2025-04-01,-17575
2025-04-02,-17894
2025-04-03,-18221
2025-04-04,-17991
2025-04-07,-18781
2025-04-08,-18580
2025-04-09,-19189
2025-04-10,-18367
2025-04-11,-18174
2025-04-14,-17795
2025-04-15,-17275
2025-04-16,-17546
2025-04-17,-17136
2025-04-18,-16765
2025-04-21,-16637
2025-04-22,-16597
2025-04-23,-16229
2025-04-24,-16281
2025-04-25,-15878
2025-04-28,-16032
2025-04-29,-15614
2025-04-30,-15813
2025-05-02,-15852
2025-05-07,-15809
2025-05-08,-15617
2025-05-09,-15803
2025-05-12,-15384
2025-05-13,-15355
2025-05-14,-15062
2025-05-15,-15357
2025-05-16,-15620
2025-05-19,-16025
2025-05-20,-15813
2025-05-21,-15614
2025-05-22,-15981
2025-05-23,-15886
2025-05-26,-15515
2025-05-27,-15673
2025-05-28,-15410
2025-05-29,-14821
2025-05-30,-14912
2025-06-02,-15065
2025-06-04,-14394
2025-06-05,-14134
2025-06-09,-13644
2025-06-10,-13672
2025-06-11,-13357
2025-06-12,-13209
2025-06-13,-13823
2025-06-16,-13491
2025-06-17,-13733
2025-06-18,-13757
2025-06-19,-13771
2025-06-20,-13668
2025-06-23,-14048
2025-06-24,-13424
2025-06-25,-13373
2025-06-26,-13911
2025-06-27,-14325
2025-06-30,-14239
2025-07-01,-13714
2025-07-02,-13694
2025-07-03,-13369
2025-07-04,-13941
2025-07-07,-13970
2025-07-08,-13571
2025-07-09,-13077
2025-07-10,-12767
2025-07-11,-12700
2025-07-14,-12535
2025-07-15,-12684
2025-07-16,-13194
2025-07-17,-13274
2025-07-18,-13561
2025-07-21,-13660
2025-07-22,-14130
2025-07-23,-14241
2025-07-24,-14755
2025-07-25,-14890
2025-07-28,-15428
2025-07-29,-15372
2025-07-30,-15301
2025-07-31,-15366
2025-08-01,-16209
2025-08-04,-15746
2025-08-05,-15256
2025-08-06,-14846
2025-08-07,-14800
2025-08-08,-14907
2025-08-11,-15188
2025-08-12,-15388
2025-08-13,-15444
2025-08-14,-15564
2025-08-18,-16068
2025-08-19,-16409
2025-08-20,-16811
2025-08-21,-16660
2025-08-22,-16613
2025-08-25,-16281
2025-08-26,-16498
2025-08-27,-16683
2025-08-28,-16581
2025-08-29,-16864
2025-09-01,-17357
2025-09-02,-17250
2025-09-03,-17118
2025-09-04,-16760
2025-09-05,-16711
2025-09-08,-16490
2025-09-09,-16186
2025-09-10,-15793
2025-09-11,-15740
2025-09-12,-15562
2025-09-15,-15480
2025-09-16,-15753
2025-09-17,-16016
2025-09-18,-15690
2025-09-19,-16087
2025-09-22,-16300
2025-09-23,-16632
2025-09-24,-17122
2025-09-25,-17320
2025-09-26,-17975
2025-09-29,-17649
2025-09-30,-17953
2025-10-01,-18042
2025-10-02,-17747
2025-10-10,-18095
2025-10-13,-18414
2025-10-14,-18657
2025-10-15,-18023
2025-10-16,-17925
2025-10-17,-18372
2025-10-20,-18065
2025-10-21,-18195
2025-10-22,-17808
2025-10-23,-18154
2025-10-24,-18085
2025-10-27,-17846
2025-10-28,-17972
2025-10-29,-18231
2025-10-30,-18743
2025-10-31,-18983
2025-11-03,-19305
2025-11-04,-19430
2025-11-05,-19990
2025-11-06,-19621
2025-11-07,-20087
2025-11-10,-19384
2025-11-11,-19585
2025-11-12,-18915
2025-11-13,-18824
2025-11-14,-19369
2025-11-17,-19468
2025-11-18,-20205
2025-11-19,-20157
2025-11-20,-19547
2025-11-21,-20084
2025-11-24,-20358
2025-11-25,-20584
2025-11-26,-19942
2025-11-27,-20037
2025-11-28,-19724
2025-12-01,-19831
2025-12-02,-19420
2025-12-03,-18990
2025-12-04,-19303
2025-12-05,-18986
2025-12-08,-19225
2025-12-09,-19301
2025-12-10,-19611
2025-12-11,-19387
2025-12-12,-18952
2025-12-15,-19136
2025-12-16,-19665
2025-12-17,-19472
2025-12-18,-19964
2025-12-19,-19630
2025-12-22,-19432
2025-12-23,-19870
2025-12-24,-19973
2025-12-26,-20370
2025-12-29,-20626
2025-12-30,-20840
2026-01-02,-20989
2026-01-05,-21002
2026-01-06,-21087
2026-01-07,-21572
2026-01-08,-22126
2026-01-09,-21924
2026-01-12,-21742
2026-01-13,-21727
2026-01-14,-21503
2026-01-15,-21408
2026-01-16,-21539
2026-01-19,-21628
2026-01-20,-21190
2026-01-21,-21714
2026-01-22,-21468
2026-01-23,-20998
2026-01-26,-20886
