Date,above_20,above_60,above_120,above_200
2023-01-02,,,,
2023-01-03,,,,
2023-01-04,,,,
2023-01-05,,,,
2023-01-06,,,,
2023-01-09,,,,
2023-01-10,,,,
2023-01-11,,,,
2023-01-12,,,,
2023-01-13,,,,
2023-01-16,,,,
2023-01-17,,,,
2023-01-18,,,,
2023-01-19,,,,
2023-01-20,,,,
2023-01-25,,,,
2023-01-26,,,,
2023-01-27,,,,
2023-01-30,,,,
2023-01-31,80.065717415115,,,
2023-02-01,77.98466593647316,,,
2023-02-02,78.86089813800658,,,
2023-02-03,77.4370208105148,,,
2023-02-06,73.38444687842278,,,
2023-02-07,67.907995618839,,,
2023-02-08,72.61774370208104,,,
2023-02-09,68.12705366922235,,,
2023-02-10,59.802847754654984,,,
2023-02-13,52.79299014238773,,,
2023-02-14,55.85980284775466,,,
2023-02-15,35.70646221248631,,,
2023-02-16,44.57831325301205,,,
2023-02-17,45.2354874041621,,,
2023-02-20,46.440306681270535,,,
2023-02-21,52.573932092004384,,,
2023-02-22,38.882803943044905,,,
2023-02-23,43.921139101861996,,,
2023-02-24,35.26834611171961,,,
2023-02-27,28.806133625410734,,,
2023-02-28,33.406352683461115,,,
2023-03-02,38.77327491785323,,,
2023-03-03,40.30668127053669,,,
2023-03-06,43.921139101861996,,,
2023-03-07,47.097480832420594,,,
2023-03-08,40.197152245345016,,,
2023-03-09,39.86856516976999,,,
2023-03-10,27.92990142387733,,,
2023-03-13,23.329682365826944,,,
2023-03-14,12.48630887185104,,,
2023-03-15,17.853231106243154,,,
2023-03-16,15.553121577217963,,,
2023-03-17,19.05805038335159,,,
2023-03-20,19.82475355969332,,,
2023-03-21,21.248630887185104,,,
2023-03-22,21.248630887185104,,,
2023-03-23,19.715224534501644,,,
2023-03-24,20.59145673603505,,,
2023-03-27,21.57721796276013,,,
2023-03-28,30.44906900328587,,,
2023-03-29,38.11610076670318,35.48740416210296,,
2023-03-30,50.38335158817087,37.34939759036144,,
2023-03-31,52.573932092004384,38.0065717415115,,
2023-04-03,58.3789704271632,40.08762322015334,,
2023-04-04,70.09857612267251,42.716319824753555,,
2023-04-05,72.3986856516977,41.73055859802848,,
2023-04-06,62.21248630887185,39.211391018619935,,
2023-04-07,64.29353778751369,39.539978094194964,,
2023-04-10,50.821467688937574,37.130339539978095,,
2023-04-11,61.33625410733844,41.1829134720701,,
2023-04-12,69.2223439211391,45.673603504928806,,
2023-04-13,73.49397590361446,48.411829134720705,,
2023-04-14,78.97042716319824,53.12157721796276,,
2023-04-17,79.1894852135816,54.87404162102957,,
2023-04-18,76.56078860898138,52.026286966046,,
2023-04-19,80.61336254107339,55.96933187294633,,
2023-04-20,70.6462212486309,52.245345016429354,,
2023-04-21,57.00218818380745,47.20700985761227,,
2023-04-24,42.560175054704594,41.292442497261774,,
2023-04-25,35.776805251641136,37.23986856516977,,
2023-04-26,31.291028446389497,36.144578313253014,,
2023-04-27,31.55021834061135,36.91128148959474,,
2023-04-28,31.65938864628821,37.130339539978095,,
2023-05-02,38.864628820960704,41.51150054764513,,
2023-05-03,37.55458515283843,41.621029572836804,,
2023-05-04,39.519650655021834,43.373493975903614,,
2023-05-08,49.23580786026201,48.19277108433735,,
2023-05-09,48.148148148148145,48.411829134720705,,
2023-05-10,44.44444444444444,48.95947426067908,,
2023-05-11,49.56427015250544,50.821467688937574,,
2023-05-12,38.453159041394336,46.54983570646221,,
2023-05-15,37.254901960784316,45.125958378970424,,
2023-05-16,35.72984749455338,43.48302300109529,,
2023-05-17,41.72113289760348,46.440306681270535,,
2023-05-18,48.148148148148145,49.06900328587076,,
2023-05-19,55.66448801742919,52.026286966046,,
2023-05-22,63.725490196078425,55.85980284775466,,
2023-05-23,64.16122004357298,56.62650602409639,,
2023-05-24,64.05228758169935,56.51697699890471,,
2023-05-25,55.119825708061,53.12157721796276,,
2023-05-26,44.771241830065364,49.28806133625411,,
2023-05-30,46.07843137254902,51.04052573932092,,
2023-05-31,42.37472766884531,48.30230010952902,,
2023-06-01,42.15686274509804,48.74041621029573,,
2023-06-02,49.78213507625273,53.997809419496164,,
2023-06-05,60.130718954248366,58.050383351588174,,
2023-06-07,60.78431372549019,59.036144578313255,,
2023-06-08,57.407407407407405,58.3789704271632,,
2023-06-09,59.80392156862745,60.460021905805036,,
2023-06-12,56.209150326797385,57.831325301204814,,
2023-06-13,54.03050108932462,58.92661555312158,,
2023-06-14,44.33551198257081,52.68346111719606,,
2023-06-15,36.81917211328976,47.86418400876232,,
2023-06-16,44.33551198257081,54.21686746987952,,
2023-06-19,47.05882352941176,54.87404162102957,,
2023-06-20,46.949891067538125,54.10733844468785,,
2023-06-21,40.305010893246184,47.86418400876232,,
2023-06-22,40.74074074074074,49.562363238512035,,
2023-06-23,31.590413943355124,43.7636761487965,,
2023-06-26,33.66013071895425,44.967177242888404,,
2023-06-27,34.82045701849837,44.74835886214442,47.86418400876232,
2023-06-28,35.434782608695656,44.43231441048035,47.53559693318729,
2023-06-29,26.304347826086953,38.209606986899566,42.93537787513691,
2023-06-30,31.19565217391304,40.93886462882096,44.90690032858707,
2023-07-03,36.19565217391305,43.88646288209607,46.98795180722892,
2023-07-04,34.45652173913044,40.8296943231441,44.90690032858707,
2023-07-05,31.956521739130434,38.318777292576414,42.716319824753555,
2023-07-06,24.130434782608695,32.13507625272331,37.67798466593648,
2023-07-07,21.195652173913043,28.86710239651416,35.26834611171961,
2023-07-10,21.630434782608695,27.995642701525053,35.92552026286966,
2023-07-11,26.195652173913043,31.263616557734203,36.473165388828036,
2023-07-12,30.326086956521742,32.35294117647059,38.66374589266155,
2023-07-13,33.18872017353579,33.44226579520697,38.882803943044905,
2023-07-14,34.38177874186551,35.5119825708061,39.539978094194964,
2023-07-17,35.35791757049891,35.18518518518518,39.97809419496166,
2023-07-18,27.2234273318872,29.08496732026144,35.48740416210296,
2023-07-19,27.331887201735356,27.886710239651418,34.28258488499452,
2023-07-20,29.392624728850326,28.9760348583878,34.28258488499452,
2023-07-21,30.694143167028198,28.75816993464052,34.720700985761226,
2023-07-24,21.800433839479393,24.18300653594771,29.025191675794087,
2023-07-25,21.800433839479393,22.54901960784314,27.92990142387733,
2023-07-26,12.58134490238612,16.884531590413943,22.67250821467689,
2023-07-27,18.980477223427332,19.825708061002178,24.644030668127055,
2023-07-28,21.69197396963124,21.568627450980394,26.506024096385545,
2023-07-31,31.019522776572668,25.59912854030501,29.572836801752466,
2023-08-01,40.23861171366595,27.77777777777778,31.106243154435926,
2023-08-02,35.35791757049891,25.272331154684096,30.01095290251917,
2023-08-03,34.38177874186551,25.70806100217865,28.696604600219054,
2023-08-04,41.54013015184382,27.66884531590414,30.887185104052573,
2023-08-07,41.97396963123644,27.886710239651418,30.996714129244253,
2023-08-08,35.68329718004338,26.47058823529412,28.58707557502738,
2023-08-09,41.86550976138829,28.540305010893245,30.66812705366922,
2023-08-10,49.13232104121475,31.590413943355124,32.20153340635268,
2023-08-11,56.94143167028199,34.967320261437905,33.9539978094195,
2023-08-14,51.30151843817787,32.570806100217865,31.87294633077766,
2023-08-16,37.52711496746204,26.252723311546838,26.506024096385545,
2023-08-17,30.151843817787416,23.311546840958606,25.739320920043813,
2023-08-18,30.47722342733189,23.311546840958606,25.301204819277107,
2023-08-21,32.21258134490238,25.163398692810457,25.739320920043813,
2023-08-22,31.99566160520607,25.49019607843137,25.958378970427166,
2023-08-23,30.36876355748373,24.047878128400434,25.410733844468787,
2023-08-24,34.815618221258134,25.76086956521739,26.506024096385545,
2023-08-25,33.69447453954496,27.173913043478258,27.710843373493976,
2023-08-28,45.07042253521127,30.217391304347824,31.98247535596933,
2023-08-29,54.82123510292525,33.91304347826087,33.18729463307776,
2023-08-30,57.74647887323944,35.0,33.84446878422782,
2023-08-31,54.062838569880824,34.891304347826086,32.63964950711939,
2023-09-01,51.57096424702059,34.45652173913044,32.85870755750274,
2023-09-04,53.19609967497292,34.891304347826086,33.406352683461115,
2023-09-05,50.05417118093174,34.67391304347826,31.76341730558598,
2023-09-06,44.7453954496208,33.47826086956522,32.09200438116101,
2023-09-07,34.45287107258938,30.434782608695656,30.120481927710845,
2023-09-08,44.312026002166846,34.164859002169194,32.20153340635268,
2023-09-11,50.812567713976165,36.44251626898048,33.406352683461115,
2023-09-12,44.42036836403034,33.947939262472886,31.434830230010952,
2023-09-13,40.41170097508125,32.75488069414317,32.09200438116101,
2023-09-14,47.020585048754064,36.767895878524946,33.29682365826944,
2023-09-15,55.519480519480524,42.51626898047722,34.24507658643326,
2023-09-18,52.489177489177486,41.64859002169197,33.8074398249453,
2023-09-19,47.18614718614719,40.02169197396963,33.260393873085334,
2023-09-20,44.48051948051948,39.37093275488069,33.260393873085334,
2023-09-21,29.22077922077922,31.670281995661604,28.16593886462882,
2023-09-22,26.406926406926406,31.56182212581345,27.729257641921397,
2023-09-25,24.134199134199132,30.04338394793926,25.76419213973799,
2023-09-26,16.774891774891778,24.18655097613883,23.034934497816593,
2023-09-27,20.12987012987013,26.030368763557483,24.890829694323145,
2023-10-04,12.229437229437229,18.872017353579178,18.995633187772924,
2023-10-05,11.363636363636363,18.004338394793926,18.40958605664488,
2023-10-06,16.666666666666664,20.390455531453362,21.0239651416122,
2023-10-10,15.476190476190476,19.63123644251627,18.845315904139433,
2023-10-11,20.562770562770563,22.99349240780911,22.113289760348582,
2023-10-12,26.623376623376622,25.704989154013013,22.875816993464053,
2023-10-13,27.48917748917749,25.488069414316705,22.766884531590414,
2023-10-16,23.593073593073594,24.837310195227765,20.588235294117645,
2023-10-17,29.653679653679653,27.006507592190886,23.202614379084967,
2023-10-18,32.57575757575758,29.17570498915401,23.74727668845316,
2023-10-19,21.62162162162162,22.99349240780911,18.736383442265794,
2023-10-20,15.891891891891891,18.872017353579178,16.775599128540307,
2023-10-23,13.513513513513514,16.702819956616054,15.904139433551197,
2023-10-24,19.135135135135133,19.088937093275486,16.666666666666664,
2023-10-25,28.43243243243243,22.559652928416483,19.498910675381264,21.139101861993428
2023-10-26,17.83783783783784,16.811279826464208,15.250544662309368,16.42935377875137
2023-10-27,19.45945945945946,17.33477789815818,16.122004357298476,17.086527929901425
2023-10-30,27.243243243243242,19.068255687974,16.775599128540307,17.96276013143483
2023-10-31,23.675675675675674,18.526543878656554,15.795206971677562,17.524644030668128
2023-11-01,31.783783783783782,21.99349945828819,18.191721132897605,18.948521358159912
2023-11-02,40.60475161987041,23.61863488624052,18.845315904139433,21.686746987951807
2023-11-03,53.45572354211663,26.543878656554714,21.241830065359476,23.220153340635267
2023-11-06,74.29805615550757,35.861321776814734,26.68845315904139,26.177437020810512
2023-11-07,65.2267818574514,32.06933911159263,25.054466230936818,24.75355969331873
2023-11-08,62.20302375809935,32.17768147345612,26.252723311546838,24.424972617743702
2023-11-09,64.47084233261339,33.91115926327194,25.70806100217865,25.08214676889376
2023-11-10,57.77537796976242,32.06933911159263,25.163398692810457,24.205914567360352
2023-11-13,52.48380129589633,30.76923076923077,23.311546840958606,23.329682365826944
2023-11-14,65.01079913606912,35.102925243770315,25.70806100217865,24.863088718510408
2023-11-15,79.37365010799135,42.47020585048754,29.520697167755994,27.92990142387733
2023-11-16,80.88552915766739,45.17876489707476,30.93681917211329,29.68236582694414
2023-11-17,75.05399568034558,42.857142857142854,29.08496732026144,28.477546549835708
2023-11-20,80.23758099352052,47.61904761904761,31.48148148148148,30.01095290251917
2023-11-21,84.44924406047517,51.40692640692641,34.20479302832244,32.09200438116101
2023-11-22,83.90928725701944,54.004329004329,35.14689880304679,33.07776560788609
2023-11-23,81.20950323974083,53.896103896103895,35.869565217391305,32.20153340635268
2023-11-24,80.45356371490281,54.65367965367965,37.608695652173914,33.18729463307776
2023-11-27,73.86609071274299,54.761904761904766,38.04347826086957,34.063526834611174
2023-11-28,71.59827213822895,55.84415584415584,38.04347826086957,34.8302300109529
2023-11-29,63.17494600431965,54.54545454545454,37.5,33.29682365826944
2023-11-30,65.33477321814254,56.493506493506494,41.41304347826087,34.8302300109529
2023-12-01,62.09503239740821,56.38528138528138,42.06521739130435,36.25410733844468
2023-12-04,62.09503239740821,59.307359307359306,43.69565217391304,36.801752464403066
2023-12-05,58.639308855291574,57.03463203463204,43.26086956521739,36.473165388828036
2023-12-06,57.99136069114471,57.9004329004329,43.913043478260875,37.34939759036144
2023-12-07,55.291576673866096,57.9004329004329,45.0,37.130339539978095
2023-12-08,58.639308855291574,59.41558441558441,46.420824295010846,38.0065717415115
2023-12-11,58.53131749460043,61.36363636363637,46.963123644251624,39.539978094194964
2023-12-12,58.31533477321814,62.878787878787875,46.637744034707154,38.55421686746988
2023-12-13,50.53995680345572,61.58008658008658,45.444685466377436,37.897042716319824
2023-12-14,52.85868392664509,63.78378378378379,46.963123644251624,38.77327491785323
2023-12-15,54.80043149946062,65.29729729729729,48.80694143167028,39.539978094194964
2023-12-18,56.78879310344828,66.05405405405406,49.457700650759215,39.97809419496166
2023-12-19,53.125,66.37837837837837,47.50542299349241,38.99233296823658
2023-12-20,62.60775862068966,71.45945945945947,52.060737527114966,41.07338444687842
2023-12-21,55.495689655172406,69.83783783783784,48.80694143167028,39.86856516976999
2023-12-22,57.11206896551724,71.45945945945947,50.0,40.74479737130339
2023-12-26,54.202586206896555,69.94594594594594,51.19305856832972,40.08762322015334
2023-12-27,38.793103448275865,59.78378378378378,43.05856832971801,34.392113910186204
2023-12-28,46.76724137931034,65.62162162162161,47.50542299349241,37.568455640744794
2024-01-02,50.0,63.17494600431965,48.37310195227766,37.78751369112815
2024-01-03,40.94827586206897,56.91144708423326,45.66160520607375,36.473165388828036
2024-01-04,36.206896551724135,54.75161987041036,43.817787418655094,35.48740416210296
2024-01-05,35.3448275862069,54.75161987041036,42.40780911062907,35.26834611171961
2024-01-08,35.560344827586206,53.131749460043196,42.0824295010846,34.28258488499452
2024-01-09,38.4698275862069,55.507559395248386,44.36008676789588,36.473165388828036
2024-01-10,36.099137931034484,53.67170626349892,43.817787418655094,35.92552026286966
2024-01-11,39.6551724137931,54.319654427645794,44.03470715835141,35.37787513691128
2024-01-12,33.512931034482754,50.53995680345572,42.624728850325376,33.734939759036145
2024-01-15,29.95689655172414,48.38012958963283,41.21475054229935,35.26834611171961
2024-01-16,25.754310344827587,45.032397408207345,39.58785249457701,32.74917853231106
2024-01-17,17.13362068965517,32.39740820734342,33.18872017353579,26.914660831509845
2024-01-18,18.857758620689655,32.721382289416844,33.40563991323211,27.680525164113785
2024-01-19,21.228448275862068,34.98920086393088,35.03253796095444,29.978118161925604
2024-01-22,21.875,32.82937365010799,34.815618221258134,28.336980306345733
2024-01-23,23.358449946178688,34.12526997840173,35.57483731019523,29.257641921397383
2024-01-24,21.85145317545748,32.073434125269976,34.45287107258938,27.510917030567683
2024-01-25,25.080731969860064,31.641468682505398,33.69447453954496,28.602620087336245
2024-01-26,29.171151776103336,33.261339092872575,35.53629469122427,28.93013100436681
2024-01-29,36.167922497308936,37.6889848812095,37.91982665222102,32.20524017467249
2024-01-30,41.227125941872984,39.956803455723545,40.73672806067172,33.624454148471614
2024-01-31,41.33476856835307,38.01295896328294,40.62838569880823,32.46187363834422
2024-02-01,51.34553283100107,47.30021598272138,48.429035752979416,38.77995642701525
2024-02-02,60.60279870828849,53.77969762419006,52.76273022751896,42.592592592592595
2024-02-05,59.95694294940797,54.64362850971922,53.19609967497292,42.48366013071895
2024-02-06,57.91173304628633,51.295896328293736,51.787648970747554,40.08714596949891
2024-02-07,62.540365984930034,53.77969762419006,53.84615384615385,42.810457516339866
2024-02-08,64.04736275565124,53.88768898488121,54.71289274106176,44.008714596949886
2024-02-13,70.82884822389667,57.66738660907127,56.44637053087757,45.86056644880174
2024-02-14,70.82884822389667,57.12742980561555,56.66305525460456,44.226579520697165
2024-02-15,70.39827771797633,56.09492988133765,55.146262188515706,43.89978213507625
2024-02-16,75.8880516684607,59.00755124056095,58.00865800865801,46.51416122004357
2024-02-19,80.83961248654468,63.146551724137936,61.36363636363637,49.128540305010894
2024-02-20,76.21097954790098,62.5,60.497835497835496,48.474945533769066
2024-02-21,72.55113024757804,60.3448275862069,59.74025974025974,46.73202614379085
2024-02-22,67.491926803014,58.081896551724135,58.98268398268398,47.49455337690632
2024-02-23,61.786867599569426,56.57327586206896,57.7922077922078,46.73202614379085
2024-02-26,48.86975242195909,52.26293103448276,55.41125541125541,44.33551198257081
2024-02-27,33.04628632938644,45.043103448275865,50.43290043290043,40.95860566448802
2024-02-28,36.27556512378902,47.30603448275862,52.922077922077925,41.830065359477125
2024-02-29,33.58449946178686,44.935344827586206,51.298701298701296,41.93899782135077
2024-03-04,34.33799784714747,45.581896551724135,51.298701298701296,41.93899782135077
2024-03-05,30.67814854682454,42.99568965517241,49.67532467532468,40.41394335511983
2024-03-06,28.955866523143165,42.025862068965516,48.484848484848484,40.52287581699346
2024-03-07,28.094725511302478,39.978448275862064,46.320346320346324,38.67102396514161
2024-03-08,31.32400430570506,41.702586206896555,47.943722943722946,39.760348583878
2024-03-11,28.417653390742736,41.271551724137936,46.96969696969697,40.08714596949891
2024-03-12,28.84822389666308,40.30172413793103,47.4025974025974,38.56209150326798
2024-03-13,29.81700753498385,40.73275862068966,48.16017316017316,39.760348583878
2024-03-14,34.1227125941873,43.21120689655172,50.21645021645021,40.95860566448802
2024-03-15,32.18514531754575,41.05603448275862,47.45945945945946,40.52287581699346
2024-03-18,33.04628632938644,42.349137931034484,49.08108108108108,41.28540305010893
2024-03-19,31.001076426264802,41.702586206896555,48.432432432432435,39.651416122004356
2024-03-20,37.89020452099031,43.85775862068966,50.16216216216216,41.830065359477125
2024-03-21,46.716899892357375,47.62931034482759,52.756756756756765,43.74319912948857
2024-03-22,52.960172228202374,48.86975242195909,55.02702702702703,44.78260869565218
2024-03-25,51.45317545748116,50.16146393972013,54.7027027027027,45.108695652173914
2024-03-26,55.16129032258065,51.45317545748116,55.02702702702703,45.326086956521735
2024-03-27,53.333333333333336,48.546824542518834,53.729729729729726,45.21739130434783
2024-03-28,48.924731182795696,47.90096878363832,52.756756756756765,44.23913043478261
2024-03-29,41.82795698924731,42.41119483315393,49.78401727861771,42.71739130434782
2024-04-01,48.60215053763441,47.36275565123789,53.67170626349892,44.565217391304344
2024-04-02,40.43010752688172,42.6264800861141,50.10799136069114,43.47826086956522
2024-04-03,34.30107526881721,38.32077502691066,45.78833693304535,41.19565217391305
2024-04-04,35.26881720430107,39.28955866523143,45.8963282937365,42.28260869565217
2024-04-05,30.752688172043012,36.92142088266954,43.95248380129589,40.21739130434783
2024-04-08,26.881720430107524,35.30678148546825,41.68466522678186,38.286334056399134
2024-04-09,26.344086021505376,35.952637244348765,41.03671706263499,38.82863340563991
2024-04-11,24.623655913978496,31.539289558665228,38.01295896328294,37.310195227765725
2024-04-12,24.731182795698924,31.001076426264802,35.96112311015119,36.44251626898048
2024-04-15,23.440860215053764,28.84822389666308,36.285097192224626,35.46637744034707
2024-04-16,16.344086021505376,23.358449946178688,30.77753779697624,31.99566160520607
2024-04-17,17.311827956989248,23.896663078579117,30.345572354211665,31.77874186550976
2024-04-18,23.010752688172044,27.233584499461788,34.66522678185745,35.140997830802604
2024-04-19,19.78494623655914,25.29601722282024,32.50539956803456,33.622559652928416
2024-04-22,28.70967741935484,30.032292787944026,37.25701943844493,37.20173535791757
2024-04-23,32.365591397849464,31.32400430570506,37.47300215982721,37.85249457700651
2024-04-24,39.247311827956985,34.1227125941873,38.55291576673866,39.37093275488069
2024-04-25,40.10752688172043,32.400430570505925,39.09287257019439,40.130151843817785
2024-04-26,45.11278195488722,33.47685683530678,38.98488120950324,41.431670281995665
2024-04-29,63.05048335123523,39.181916038751346,44.16846652267819,43.275488069414315
2024-04-30,66.27282491944146,40.15069967707212,44.81641468682505,44.36008676789588
2024-05-02,66.16541353383458,40.3659849300323,43.30453563714903,44.03470715835141
2024-05-03,67.99140708915145,40.15069967707212,44.16846652267819,45.119305856832966
2024-05-07,73.46938775510205,43.70290635091496,46.868250539956804,45.444685466377436
2024-05-08,78.83995703544576,46.39397201291712,48.488120950323975,47.288503253796094
2024-05-09,74.86573576799141,45.20990312163617,47.30021598272138,46.746203904555315
2024-05-10,75.83243823845328,45.532831001076424,47.62419006479482,47.83080260303688
2024-05-13,70.67669172932331,45.31754574811625,47.62419006479482,47.50542299349241
2024-05-14,73.14715359828142,48.65446716899892,49.56803455723542,49.0238611713666
2024-05-16,75.93984962406014,51.1302475780409,50.80906148867314,51.084598698481564
2024-05-17,66.70247046186896,49.40796555435953,49.083063646170444,49.13232104121475
2024-05-20,64.0171858216971,51.45317545748116,48.922413793103445,49.566160520607376
2024-05-21,56.9280343716434,48.977395048439185,46.44396551724138,48.04772234273319
2024-05-22,54.56498388829216,49.08503767491927,47.521551724137936,48.91540130151844
2024-05-23,51.66487647690655,48.11625403659849,46.98275862068966,48.264642082429496
2024-05-24,43.82384532760473,45.425188374596345,45.258620689655174,46.80390032502709
2024-05-27,42.74973147153599,46.236559139784944,44.612068965517246,46.91224268689058
2024-05-28,42.42749731471536,46.55913978494623,44.935344827586206,47.020585048754064
2024-05-29,35.76799140708915,43.11827956989247,42.241379310344826,46.04550379198267
2024-05-30,29.96777658431794,38.387096774193544,40.51724137931034,43.33694474539545
2024-05-31,34.371643394199786,42.473118279569896,42.241379310344826,45.17876489707476
2024-06-03,44.89795918367347,50.10752688172043,47.737068965517246,48.862405200433365
2024-06-04,35.44575725026853,45.59139784946237,45.043103448275865,46.91224268689058
2024-06-05,35.622317596566525,45.376344086021504,45.797413793103445,47.34561213434453
2024-06-07,37.23175965665236,46.666666666666664,46.55172413793103,47.77898158179848
2024-06-10,37.8755364806867,47.204301075268816,47.521551724137936,48.21235102925244
2024-06-11,35.622317596566525,45.69892473118279,45.9051724137931,47.670639219935
2024-06-12,39.05579399141631,48.064516129032256,46.55172413793103,48.645720476706394
2024-06-13,39.592274678111586,48.064516129032256,46.98275862068966,48.645720476706394
2024-06-14,39.592274678111586,46.55913978494623,45.581896551724135,48.862405200433365
2024-06-17,40.128755364806864,46.02150537634409,46.012931034482754,48.59307359307359
2024-06-18,40.557939914163086,46.344086021505376,46.228448275862064,48.05194805194805
2024-06-19,39.592274678111586,44.40860215053763,45.581896551724135,47.294372294372295
2024-06-20,46.03004291845493,46.98924731182796,47.09051724137931,47.61904761904761
2024-06-21,40.987124463519315,45.59139784946237,45.20990312163617,46.42857142857143
2024-06-24,33.69098712446352,41.612903225806456,42.08826695371367,44.8051948051948
2024-06-25,37.1244635193133,43.763440860215056,44.67168998923574,46.320346320346324
2024-06-26,34.763948497854074,43.01075268817204,42.41119483315393,44.91341991341991
2024-06-27,30.5793991416309,39.20515574650913,40.47362755651238,42.316017316017316
2024-06-28,36.587982832618025,42.64232008592911,42.94940796555436,45.45454545454545
2024-07-01,34.442060085836914,42.32008592910849,42.30355220667384,45.67099567099567
2024-07-02,29.184549356223176,37.91621911922664,39.504843918191604,41.77489177489178
2024-07-03,25.75107296137339,34.80128893662729,37.67491926803014,39.71861471861472
2024-07-04,29.721030042918457,37.59398496240601,37.78256189451022,41.34199134199134
2024-07-05,29.184549356223176,35.44575725026853,37.997847147470395,40.909090909090914
2024-07-08,32.61802575107296,38.56068743286789,39.39720129171152,42.532467532467535
2024-07-09,35.1931330472103,39.31256713211601,40.58127018299246,43.18181818181818
2024-07-10,36.37339055793991,40.6015037593985,42.08826695371367,44.58874458874459
2024-07-11,38.94849785407725,41.03114930182599,42.6264800861141,44.696969696969695
2024-07-12,40.772532188841204,41.35338345864661,43.48762109795479,45.513513513513516
2024-07-15,46.88841201716738,43.9312567132116,44.241119483315394,46.7027027027027
2024-07-16,46.67381974248927,43.71643394199785,43.810548977395044,45.94594594594595
2024-07-17,47.103004291845494,43.9312567132116,44.67168998923574,46.37837837837838
2024-07-18,43.4549356223176,42.10526315789473,44.02583423035522,44.648648648648646
2024-07-19,40.45064377682404,38.99033297529538,41.76533907427341,42.91891891891892
2024-07-22,33.36909871244635,35.44575725026853,39.28955866523143,41.51351351351351
2024-07-23,32.51072961373391,35.12352309344791,38.32077502691066,40.97297297297297
2024-07-24,32.18884120171674,34.049409237379166,38.10548977395049,40.86486486486486
2024-07-25,23.605150214592275,27.38990332975295,35.737351991388586,38.27027027027027
2024-07-26,31.618435155412648,31.57894736842105,37.13670613562971,40.17278617710583
2024-07-29,39.549839228295816,35.5531686358754,40.04305705059203,41.90064794816415
2024-07-30,34.08360128617363,32.54564983888292,37.56727664155005,40.38876889848812
2024-07-31,39.764201500535904,35.5531686358754,40.15069967707212,42.11663066954643
2024-08-01,46.30225080385852,38.197424892703864,41.65769644779333,43.95248380129589
2024-08-02,23.79421221864952,26.502145922746784,33.04628632938644,38.01295896328294
2024-08-05,3.429796355841372,8.047210300429185,12.809472551130247,19.870410367170628
2024-08-06,7.395498392282958,12.339055793991417,18.083961248654468,27.10583153347732
2024-08-07,13.597430406852249,17.703862660944207,23.03552206673843,29.589632829373652
2024-08-08,17.02355460385439,19.95708154506438,24.97308934337998,31.317494600431967
2024-08-09,22.805139186295502,22.746781115879827,27.233584499461788,33.80129589632829
2024-08-12,28.15845824411135,25.0,30.032292787944026,35.42116630669546
2024-08-13,29.229122055674516,24.892703862660944,29.38643702906351,34.66522678185745
2024-08-14,35.01070663811563,27.038626609442062,31.539289558665228,35.96112311015119
2024-08-16,42.71948608137045,29.613733905579398,33.153928955866526,36.39308855291576
2024-08-19,41.220556745182016,29.07725321888412,32.508073196986004,36.06911447084234
2024-08-20,50.74946466809421,33.047210300429185,35.09149623250807,37.47300215982721
2024-08-21,55.35331905781584,33.15450643776824,34.73118279569892,37.365010799136066
2024-08-22,50.74946466809421,31.008583690987123,32.903225806451616,35.85313174946004
2024-08-23,51.17773019271949,31.5450643776824,33.97849462365591,36.50107991360691
2024-08-26,51.06837606837607,31.97424892703863,33.11827956989247,36.06911447084234
2024-08-27,53.63247863247863,32.83261802575107,33.01075268817204,36.82505399568035
2024-08-28,49.67948717948718,31.759656652360512,31.827956989247312,35.313174946004324
2024-08-29,45.51282051282051,29.721030042918457,31.0752688172043,33.477321814254864
2024-08-30,52.88461538461539,32.51072961373391,32.043010752688176,34.88120950323974
2024-09-02,52.35042735042735,31.223175965665234,30.215053763440856,33.909287257019436
2024-09-03,49.67948717948718,33.047210300429185,31.505376344086024,34.34125269978402
2024-09-04,28.205128205128204,23.92703862660944,25.053763440860216,29.481641468682508
2024-09-05,25.85470085470086,24.678111587982833,25.161290322580644,29.15766738660907
2024-09-06,19.017094017094017,21.030042918454935,23.118279569892472,26.88984881209503
2024-09-09,18.58974358974359,21.99570815450644,23.548387096774192,26.537216828478964
2024-09-10,19.444444444444446,21.45922746781116,23.440860215053764,27.184466019417474
2024-09-11,17.200854700854702,20.493562231759658,22.365591397849464,25.969827586206897
2024-09-12,23.824786324786324,24.141630901287552,24.946236559139784,28.34051724137931
2024-09-13,32.87086446104589,27.57510729613734,26.989247311827956,30.81896551724138
2024-09-19,38.95410885805763,30.686695278969957,29.03225806451613,31.46551724137931
2024-09-20,45.67769477054429,33.47639484978541,30.215053763440856,32.866379310344826
2024-09-23,47.38527214514407,33.36909871244635,29.78494623655914,31.573275862068968
2024-09-24,56.99039487726788,36.69527896995708,31.397849462365592,33.728448275862064
2024-09-25,56.45677694770544,33.90557939914164,30.397422126745433,32.974137931034484
2024-09-26,68.19637139807898,40.51446945337621,33.72717508055854,35.883620689655174
2024-09-27,69.15688367129135,41.80064308681672,34.371643394199786,36.74568965517241
2024-09-30,57.84418356456777,35.36977491961415,30.50483351235231,33.4051724137931
2024-10-02,45.357524012806834,29.474812433011788,27.604726100966705,30.495689655172413
2024-10-04,47.38527214514407,30.010718113612008,27.175080558539204,31.25
2024-10-07,57.52401280683031,34.40514469453376,30.50483351235231,32.00431034482759
2024-10-08,53.5752401280683,33.22615219721329,29.001074113856067,31.25
2024-10-10,54.00213447171826,34.726688102893895,30.50483351235231,31.788793103448278
2024-10-11,52.934898612593386,34.68950749464668,29.001074113856067,31.68103448275862
2024-10-14,51.440768409818574,36.723768736616705,29.32330827067669,32.2198275862069
2024-10-15,50.58697972251868,38.32976445396146,30.71965628356606,32.866379310344826
2024-10-16,45.46424759871932,37.152034261241965,31.041890440386684,32.112068965517246
2024-10-17,41.30202774813234,37.47323340471092,30.397422126745433,32.00431034482759
2024-10-18,37.03308431163287,34.475374732334046,29.21589688506982,30.603448275862068
2024-10-21,37.13980789754536,36.61670235546038,29.430719656283564,31.788793103448278
2024-10-22,28.49519743863394,32.22698072805139,28.356605800214822,30.355220667384287
2024-10-23,28.281750266808963,33.83297644539615,28.57142857142857,28.74058127018299
2024-10-24,27.321237993596586,32.01284796573876,28.034371643394202,29.38643702906351
2024-10-25,24.439701173959445,31.156316916488226,27.06766917293233,27.98708288482239
2024-10-28,29.242262540021347,33.40471092077088,27.819548872180448,29.38643702906351
2024-10-29,30.49040511727079,34.82905982905983,28.141783029001072,29.494079655543597
2024-10-30,31.343283582089555,33.86752136752137,27.28249194414608,30.032292787944026
2024-10-31,34.43496801705757,35.57692307692308,26.53061224489796,29.494079655543597
2024-11-01,28.251599147121535,32.9059829059829,25.13426423200859,27.98708288482239
2024-11-04,37.953091684434966,37.17948717948718,27.360515021459225,29.494079655543597
2024-11-05,41.68443496801706,39.743589743589745,27.253218884120173,30.355220667384287
2024-11-06,40.085287846481876,37.82051282051282,29.07725321888412,30.032292787944026
2024-11-07,38.272921108742004,37.072649572649574,27.78969957081545,29.709364908503765
2024-11-08,38.272921108742004,36.004273504273506,27.253218884120173,29.171151776103336
2024-11-11,27.185501066098084,29.914529914529915,25.21459227467811,27.125941872981702
2024-11-12,19.189765458422176,22.32905982905983,22.42489270386266,23.896663078579117
2024-11-13,11.83368869936034,16.666666666666664,18.669527896995707,20.344456404736274
2024-11-14,15.458422174840086,18.91025641025641,18.4549356223176,21.743810548977397
2024-11-15,18.123667377398718,20.085470085470085,20.171673819742487,22.38966630785791
2024-11-18,22.81449893390192,22.518676627534685,21.13733905579399,23.57373519913886
2024-11-19,24.62686567164179,23.265741728922094,21.99570815450644,23.143164693218516
2024-11-20,27.718550106609808,23.372465314834578,22.746781115879827,23.896663078579117
2024-11-21,28.891257995735607,24.653148345784416,22.746781115879827,24.11194833153929
2024-11-22,33.582089552238806,25.933831376734258,23.49785407725322,24.32723358449946
2024-11-25,38.80597014925373,28.8153681963714,25.643776824034337,25.18837459634015
2024-11-26,42.324093816631134,30.096051227321237,25.858369098712448,25.618945102260493
2024-11-27,42.00426439232409,31.163287086446108,26.931330472103003,25.72658772874058
2024-11-28,47.01492537313433,32.87086446104589,26.394849785407725,26.157158234660926
2024-11-29,36.034115138592746,28.922091782283886,24.892703862660944,24.97308934337998
2024-12-02,30.17057569296375,25.933831376734258,22.317596566523605,23.03552206673843
2024-12-03,41.959531416400424,30.52294557097118,25.75107296137339,27.018299246501616
2024-12-04,33.43982960596379,27.10779082177161,24.78540772532189,24.11194833153929
2024-12-05,25.34611288604899,21.344717182497334,21.13733905579399,20.882669537136707
2024-12-06,21.61874334398296,20.917822838847385,19.95708154506438,20.129171151776106
2024-12-09,10.969116080937168,14.4076840981857,15.236051502145923,17.115177610333692
2024-12-10,23.21618743343983,20.277481323372466,20.92274678111588,21.52852529601722
2024-12-11,40.04259850905218,27.321237993596586,25.0,24.542518837459635
2024-12-12,48.242811501597444,31.483457844183565,27.253218884120173,26.695371367061355
2024-12-13,57.61448349307774,35.11205976520811,28.86266094420601,28.202368137782564
2024-12-16,59.53141640042598,34.68516542155816,28.75536480686695,27.556512378902042
2024-12-17,60.063897763578275,35.005336179295625,28.6480686695279,27.771797631862217
2024-12-18,65.49520766773162,37.246531483457844,30.364806866952787,28.202368137782564
2024-12-19,53.46112886048988,34.3649946638207,28.6480686695279,27.204301075268816
2024-12-20,43.13099041533546,29.989327641408753,26.287553648068666,25.6989247311828
2024-12-23,58.04046858359957,36.07257203842049,30.257510729613735,27.204301075268816
2024-12-24,57.401490947816825,35.287846481876336,30.117899249732048,27.419354838709676
2024-12-26,53.567625133120345,35.39445628997868,29.260450160771708,26.881720430107524
2024-12-27,28.723404255319153,24.093816631130064,21.329046087888532,21.612903225806452
2024-12-30,32.87234042553192,23.98720682302772,21.864951768488748,21.72043010752688
2025-01-02,35.638297872340424,25.5863539445629,23.04394426580922,21.29032258064516
2025-01-03,50.42553191489362,29.957356076759062,25.080385852090032,22.795698924731184
2025-01-06,57.87234042553191,34.86140724946695,26.902465166130764,23.870967741935484
2025-01-07,58.61702127659575,35.714285714285715,28.081457663451232,24.086021505376344
2025-01-08,58.19148936170213,36.67377398720683,29.1220556745182,24.623655913978496
2025-01-09,51.48936170212765,37.3134328358209,28.90792291220557,24.838709677419356
2025-01-10,54.46808510638298,40.085287846481876,29.764453961456105,25.053763440860216
2025-01-13,46.06382978723404,36.67377398720683,28.693790149892934,24.516129032258064
2025-01-14,48.29787234042553,39.6588486140725,30.19271948608137,24.946236559139784
2025-01-15,43.35812964930925,37.3134328358209,28.800856531049252,24.838709677419356
2025-01-16,50.05313496280552,41.25799573560768,30.513918629550325,25.913978494623656
2025-01-17,51.2221041445271,42.9637526652452,32.33404710920771,26.989247311827956
2025-01-20,51.54091392136026,43.17697228144989,33.08351177730193,26.666666666666668
2025-01-21,48.565356004250795,42.53731343283582,32.441113490364025,26.989247311827956
2025-01-22,47.77070063694268,44.136460554371006,33.940042826552464,27.526881720430108
2025-01-23,38.6411889596603,39.23240938166311,30.728051391862955,26.423200859291086
2025-01-24,42.038216560509554,41.89765458422175,32.585470085470085,26.96025778732546
2025-01-31,38.95966029723992,40.72494669509595,31.41025641025641,26.20837808807734
2025-02-03,24.628450106157114,30.383795309168445,26.282051282051285,23.630504833512354
2025-02-04,29.723991507431,36.140724946695094,29.700854700854702,25.99355531686359
2025-02-05,32.05944798301486,39.55223880597015,31.196581196581196,26.423200859291086
2025-02-06,41.71974522292994,44.72843450479233,33.86752136752137,27.38990332975295
2025-02-07,38.853503184713375,43.024494142705,32.47863247863248,26.852846401718583
2025-02-10,39.70276008492569,43.23748668796592,33.22649572649573,26.852846401718583
2025-02-11,42.569002123142255,45.89989350372737,33.97435897435898,27.175080558539204
2025-02-12,40.445859872611464,44.94142705005325,33.01282051282051,27.604726100966705
2025-02-13,47.983014861995755,49.201277955271564,34.93589743589743,29.430719656283564
2025-02-14,50.21231422505308,50.58572949946751,36.217948717948715,30.397422126745433
2025-02-17,56.475583864118896,53.674121405750796,41.34615384615385,32.11600429645542
2025-02-18,58.917197452229296,55.05857294994675,41.77350427350427,33.40494092373791
2025-02-19,66.13588110403397,57.93397231096912,43.22305229455709,33.83458646616541
2025-02-20,69.53290870488323,59.53141640042598,45.46424759871932,34.47905477980666
2025-02-21,72.08067940552016,60.48988285410011,46.10458911419424,35.660580021482275
2025-02-24,72.82377919320594,63.25878594249201,46.744930629669156,35.23093447905478
2025-02-25,69.7452229299363,61.7678381256656,47.065101387406614,34.58646616541353
2025-02-26,72.82377919320594,65.49520766773162,49.092849519743865,36.62728249194414
2025-02-27,68.78980891719745,63.791267305644304,47.171824973319104,35.660580021482275
2025-02-28,43.418259023354565,49.84025559105431,38.31376734258271,30.934479054779807
2025-03-04,35.98726114649681,44.8936170212766,36.17929562433298,30.50483351235231
2025-03-05,47.82608695652174,53.61702127659574,42.15581643543223,34.15682062298603
2025-03-06,48.992576882290564,53.829787234042556,44.18356456776948,34.656652360515025
2025-03-07,45.81124072110286,52.659574468085104,43.11632870864461,34.33476394849785
2025-03-10,45.59915164369035,52.02127659574468,42.475987193169686,34.12017167381974
2025-03-11,35.73700954400849,45.31914893617021,37.353255069370334,32.18884120171674
2025-03-12,35.843054082714744,46.38297872340426,39.167556029882604,32.40343347639485
2025-03-13,32.237539766702014,45.31914893617021,38.4204909284952,32.72532188841202
2025-03-14,35.2067868504772,45.42553191489362,40.128068303094985,34.012875536480685
2025-03-17,38.282078472958645,47.340425531914896,40.76840981856991,34.227467811158796
2025-03-18,39.23647932131495,47.5531914893617,41.40875133404482,34.012875536480685
2025-03-19,41.78154825026511,48.67162592986185,42.3692636072572,35.08583690987124
2025-03-20,40.084835630965,47.71519659936238,41.40875133404482,34.12017167381974
2025-03-21,37.32767762460234,45.80233793836344,40.0213447171825,33.36909871244635
2025-03-24,39.660657476139974,46.75876726886291,41.19530416221985,33.90557939914164
2025-03-25,34.78260869565217,44.845908607863976,38.95410885805763,32.61802575107296
2025-03-26,36.05514316012725,45.22292993630573,39.48772678762006,32.18884120171674
2025-03-27,33.72216330858961,41.6135881104034,37.780149413020276,30.90128755364807
2025-03-28,24.072110286320257,33.86411889596603,33.90191897654584,27.57510729613734
2025-03-31,12.61930010604454,24.203821656050955,25.5863539445629,23.068669527896997
2025-04-01,21.951219512195124,30.78556263269639,30.703624733475483,26.394849785407725
2025-04-02,21.73913043478261,28.450106157112526,30.2771855010661,25.536480686695278
2025-04-03,19.300106044538705,27.60084925690021,29.42430703624733,24.463519313304722
2025-04-04,25.23860021208908,31.104033970276006,31.663113006396586,26.180257510729614
2025-04-07,13.57370095440085,17.3036093418259,20.68230277185501,20.600858369098713
2025-04-08,17.815482502651115,21.656050955414013,22.81449893390192,21.030042918454935
2025-04-09,14.74019088016967,17.62208067940552,19.402985074626866,18.669527896995707
2025-04-10,26.906779661016948,30.148619957537154,29.53091684434968,25.75107296137339
2025-04-11,33.65079365079365,31.84713375796178,32.6226012793177,27.467811158798284
2025-04-14,41.058201058201064,35.45647558386412,36.46055437100213,29.184549356223176
2025-04-15,53.01587301587302,42.569002123142255,40.6183368869936,32.08154506437768
2025-04-16,51.85185185185185,40.02123142250531,38.37953091684435,31.65236051502146
2025-04-17,59.57671957671957,45.010615711252655,42.53731343283582,33.798283261802574
2025-04-18,68.994708994709,48.19532908704883,45.84221748400853,36.1587982832618
2025-04-21,72.4867724867725,50.63694267515923,47.54797441364605,37.553648068669524
2025-04-22,73.75661375661376,51.80467091295117,48.40085287846482,38.30472103004292
2025-04-23,82.85714285714286,56.05095541401274,51.812366737739865,40.128755364806864
2025-04-24,82.53968253968253,56.26326963906582,52.345415778251606,40.343347639484975
2025-04-25,87.19576719576719,60.615711252653924,55.330490405117274,42.55091103965702
2025-04-28,82.75132275132276,60.19108280254777,55.11727078891258,41.47909967845659
2025-04-29,86.13756613756614,63.90658174097664,59.06183368869936,45.766345123258304
2025-04-30,82.22222222222221,61.93001060445387,57.995735607675904,44.158628081457664
2025-05-02,79.8941798941799,61.50583244962884,56.823027718550115,44.48017148981779
2025-05-07,78.73015873015873,62.884411452810184,58.25346112886049,44.05144694533762
2025-05-08,78.41269841269842,64.26299045599151,61.128860489882854,46.08788853161844
2025-05-09,71.42857142857143,62.460233297985155,60.48988285410011,44.37299035369775
2025-05-12,74.4973544973545,67.2322375397667,63.791267305644304,47.32334047109208
2025-05-13,71.53439153439155,67.55037115588547,64.00425985090521,48.28693790149893
2025-05-14,72.5925925925926,69.56521739130434,67.0926517571885,51.71306209850107
2025-05-15,67.51322751322752,65.95970307529161,65.0692225772098,50.74946466809421
2025-05-16,58.83597883597883,62.884411452810184,62.40681576144836,48.92933618843683
2025-05-19,48.783068783068785,57.90031813361611,57.61448349307774,46.78800856531049
2025-05-20,50.264550264550266,60.6574761399788,60.383386581469644,49.143468950749465
2025-05-21,52.38095238095239,62.3541887592789,60.70287539936102,49.892933618843685
2025-05-22,49.523809523809526,60.76352067868505,59.105431309904155,47.96573875802998
2025-05-23,50.8994708994709,61.50583244962884,59.850905218317365,49.143468950749465
2025-05-26,56.19047619047619,64.050901378579,62.30031948881789,52.35546038543897
2025-05-27,54.920634920634924,64.47507953340403,60.70287539936102,52.03426124197003
2025-05-28,59.25925925925925,67.33828207847296,62.939297124600635,55.12820512820513
2025-05-29,69.31216931216932,70.94379639448569,68.15761448349308,59.72222222222222
2025-05-30,66.87830687830689,70.73170731707317,67.5531914893617,60.04273504273504
2025-06-02,64.23280423280423,69.24708377518559,67.12765957446808,59.61538461538461
2025-06-04,76.6137566137566,74.44326617179216,71.59574468085106,63.56837606837607
2025-06-05,80.42328042328042,76.88229056203606,73.61702127659574,66.02564102564102
2025-06-09,85.07936507936508,79.74549310710498,76.70212765957447,69.33760683760684
2025-06-10,85.29100529100529,80.38176033934252,76.80851063829788,69.33760683760684
2025-06-11,86.77248677248677,82.39660657476139,78.61702127659575,70.94017094017094
2025-06-12,87.72486772486772,83.26271186440678,78.82978723404256,71.15384615384616
2025-06-13,77.46031746031747,78.83597883597884,74.04255319148936,67.84188034188034
2025-06-16,78.83597883597884,78.73015873015873,75.74468085106383,68.26923076923077
2025-06-17,76.4021164021164,77.98941798941799,74.7872340425532,67.84188034188034
2025-06-18,75.34391534391534,78.2010582010582,75.34537725823593,68.91025641025641
2025-06-19,73.86243386243386,77.88359788359789,75.23910733262487,69.15688367129135
2025-06-20,76.32135306553911,80.52910052910053,76.9394261424017,70.75773745997866
2025-06-23,59.830866807610995,76.5079365079365,74.0701381509033,67.87620064034151
2025-06-24,74.84143763213531,81.37566137566138,77.57704569606801,72.03842049092849
2025-06-25,74.31289640591966,81.48148148148148,78.45010615711253,71.82497331910352
2025-06-26,60.46511627906976,78.83597883597884,75.15923566878982,69.69050160085379
2025-06-27,48.837209302325576,75.97883597883597,73.35456475583864,67.982924226254
2025-06-30,50.21141649048626,76.5079365079365,73.56687898089172,69.5837780149413
2025-07-01,66.27906976744185,79.8941798941799,77.91932059447984,72.46531483457844
2025-07-02,65.11627906976744,80.42328042328042,79.72399150743101,73.95944503735325
2025-07-03,70.50739957716702,83.06878306878306,80.89171974522293,75.56029882604055
2025-07-04,55.17970401691332,79.57671957671958,79.19320594479831,74.3863393810032
2025-07-07,53.38266384778013,78.3068783068783,78.343949044586,73.85272145144077
2025-07-08,62.36786469344609,79.8941798941799,79.40552016985139,74.3863393810032
2025-07-09,71.1416490486258,80.42328042328042,80.36093418259024,76.52081109925294
2025-07-10,75.68710359408034,82.32804232804233,81.104033970276,77.16115261472785
2025-07-11,76.00422832980972,82.64550264550265,81.63481953290871,77.37459978655284
2025-07-14,77.27272727272727,82.11640211640213,81.95329087048833,77.16115261472785
2025-07-15,76.32135306553911,81.9047619047619,81.95329087048833,77.16115261472785
2025-07-16,68.07610993657505,79.78835978835978,80.36093418259024,75.02668089647813
2025-07-17,68.07610993657505,79.47089947089947,80.67940552016985,76.41408751334045
2025-07-18,62.473572938689216,79.25925925925927,80.67940552016985,76.62753468516541
2025-07-21,59.40803382663847,80.95238095238095,81.63481953290871,76.52081109925294
2025-07-22,47.040169133192386,76.93121693121692,79.29936305732484,74.91995731056564
2025-07-23,44.397463002114165,76.5079365079365,79.29936305732484,75.56029882604055
2025-07-24,33.72093023255814,73.65079365079366,78.45010615711253,73.63927427961579
2025-07-25,31.183932346723044,70.8994708994709,77.2823779193206,73.77398720682304
2025-07-28,21.987315010570825,63.597883597883595,73.88535031847134,70.46908315565032
2025-07-29,22.30443974630021,63.28042328042328,73.56687898089172,70.1492537313433
2025-07-30,24.841437632135307,63.597883597883595,76.033934252386,71.64179104477611
2025-07-31,24.207188160676534,62.32804232804233,75.0795334040297,70.04264392324095
2025-08-01,11.20507399577167,38.51851851851852,63.3085896076352,63.53944562899787
2025-08-04,13.21353065539112,43.597883597883595,66.06574761399789,65.99147121535182
2025-08-05,18.39323467230444,47.3015873015873,68.39872746553553,67.590618336887
2025-08-06,24.418604651162788,51.85185185185185,72.21633085896076,69.5095948827292
2025-08-07,26.955602536997887,53.22751322751322,72.1102863202545,68.86993603411514
2025-08-08,29.704016913319236,51.746031746031754,72.42841993637327,70.682302771855
2025-08-11,28.858350951374206,45.60846560846561,71.26193001060446,69.9360341151386
2025-08-12,29.28118393234672,43.80952380952381,69.24708377518559,69.29637526652452
2025-08-13,30.021141649048626,42.22222222222222,69.03499469777307,69.18976545842217
2025-08-14,32.241014799154335,40.95238095238095,68.61081654294804,69.61620469083155
2025-08-18,25.158562367864697,34.883720930232556,62.77836691410392,65.0319829424307
2025-08-19,23.361522198731503,30.866807610993657,60.55143160127253,63.75266524520256
2025-08-20,19.767441860465116,27.58985200845666,55.991516436903495,61.08742004264393
2025-08-21,23.57293868921776,28.752642706131077,57.90031813361611,62.36673773987207
2025-08-22,25.581395348837212,28.224101479915433,57.37009544008483,63.11300639658849
2025-08-25,31.818181818181817,30.338266384778013,59.91516436903499,64.92537313432835
2025-08-26,29.809725158562365,29.175475687103592,59.490986214209975,64.17910447761194
2025-08-27,29.915433403805498,27.695560253699792,57.79427359490986,63.53944562899787
2025-08-28,35.30655391120507,28.012684989429175,58.006362672322375,63.21961620469083
2025-08-29,33.68532206969377,28.752642706131077,56.52173913043478,62.26012793176972
2025-09-01,26.610348468848997,25.36997885835095,52.59809119830329,59.95740149094782
2025-09-02,28.088701161562827,25.68710359408034,52.91622481442205,59.95740149094782
2025-09-03,31.890179514255546,25.581395348837212,53.87062566277837,61.34185303514377
2025-09-04,38.01478352692714,27.27272727272727,57.582184517497346,62.51331203407881
2025-09-05,43.189017951425555,28.32980972515856,57.309322033898304,63.25878594249201
2025-09-08,49.841605068637804,31.606765327695562,58.62433862433862,64.74973375931843
2025-09-09,57.44456177402323,34.56659619450317,61.164021164021165,65.60170394036209
2025-09-10,65.89229144667371,38.16067653276956,62.116402116402114,66.87965921192757
2025-09-11,69.27138331573389,40.27484143763213,63.49206349206349,67.94462193823216
2025-09-12,75.39598732840548,43.12896405919662,64.97354497354497,69.00958466453673
2025-09-15,72.86166842661035,46.088794926004226,65.60846560846561,68.47710330138446
2025-09-16,69.37697993664203,43.23467230443975,63.70370370370371,67.41214057507987
2025-09-17,64.73072861668426,42.49471458773784,62.645502645502646,66.5601703940362
2025-09-18,69.06019007391764,44.92600422832981,64.12698412698413,69.22257720979765
2025-09-19,61.774023231256606,41.54334038054968,61.58730158730159,66.77316293929712
2025-09-22,58.07814149947201,41.014799154334035,59.57671957671957,65.49520766773162
2025-09-23,50.475184794086594,39.323467230443974,58.3068783068783,64.64323748668797
2025-09-24,37.90918690601901,34.143763213530654,54.39153439153439,62.12765957446808
2025-09-25,35.37486800422386,32.76955602536998,53.86243386243387,61.702127659574465
2025-09-26,22.49208025343189,26.109936575052856,47.83068783068783,56.91489361702128
2025-09-29,29.567053854276665,30.76109936575053,50.05291005291005,59.680851063829785
2025-09-30,25.55438225976769,29.069767441860467,47.51322751322751,59.04255319148937
2025-10-01,24.39281942977825,29.915433403805498,47.51322751322751,59.680851063829785
2025-10-02,30.517423442449843,32.55813953488372,49.31216931216931,60.31914893617021
2025-10-10,25.237592397043297,30.76109936575053,45.18518518518518,57.659574468085104
2025-10-13,24.604012671594507,28.012684989429175,43.80952380952381,56.48936170212766
2025-10-14,24.498416050686377,26.955602536997887,43.386243386243386,55.319148936170215
2025-10-15,35.1636747624076,35.94080338266385,47.195767195767196,60.0
2025-10-16,40.76029567053855,39.217758985200845,47.93650793650794,60.46758767268863
2025-10-17,34.74128827877508,35.72938689217759,44.97354497354497,58.44845908607864
2025-10-20,42.13305174234424,39.95771670190275,47.61904761904761,60.57385759829968
2025-10-21,44.0337909186906,40.48625792811839,46.56084656084656,59.51115834218916
2025-10-22,53.115100316789864,44.82029598308668,50.37037037037037,62.80552603613177
2025-10-23,46.462513199577614,42.600422832980975,47.83068783068783,61.3588110403397
2025-10-24,49.736008447729674,45.45454545454545,47.83068783068783,61.67728237791932
2025-10-27,57.655755015839496,49.36575052854123,50.68783068783069,63.05732484076433
2025-10-28,57.655755015839496,49.471458773784356,49.41798941798942,63.26963906581741
2025-10-29,51.8479408658923,46.82875264270613,47.51322751322751,60.828025477707
2025-10-30,42.76663146779303,42.071881606765324,44.65608465608465,57.64331210191082
2025-10-31,40.12671594508976,40.76029567053855,42.96296296296296,57.324840764331206
2025-11-03,36.008447729672646,38.75395987328405,40.52910052910053,53.82165605095541
2025-11-04,35.44303797468354,38.64836325237592,40.52910052910053,54.88322717622081
2025-11-05,25.738396624472575,33.36853220696938,36.82539682539683,51.38004246284501
2025-11-06,34.38818565400844,38.33157338965153,39.89417989417989,54.03397027600849
2025-11-07,27.848101265822784,34.31890179514255,37.24867724867725,50.74309978768577
2025-11-10,45.358649789029535,45.08975712777191,44.232804232804234,55.73248407643312
2025-11-11,43.143459915611814,43.71700105596621,42.75132275132275,54.45859872611465
2025-11-12,57.383966244725734,52.05913410770855,47.93650793650794,58.70488322717622
2025-11-13,59.91561181434599,53.32629355860612,48.46560846560847,59.660297239915074
2025-11-14,50.105485232067515,48.57444561774023,45.60846560846561,56.68789808917197
2025-11-17,48.10126582278481,48.36325237592397,45.243128964059196,56.36942675159236
2025-11-18,31.856540084388186,39.38753959873284,37.52642706131078,51.80467091295117
2025-11-19,33.860759493670884,40.86589229144668,38.79492600422833,53.07855626326964
2025-11-20,45.14767932489451,47.0960929250264,43.12896405919662,56.15711252653928
2025-11-21,37.34177215189873,40.76029567053855,40.27484143763213,52.76008492569002
2025-11-24,34.177215189873415,38.75395987328405,37.52642706131078,51.061571125265395
2025-11-25,31.645569620253166,35.79725448785639,36.469344608879496,49.681528662420384
2025-11-26,47.151898734177216,44.24498416050686,41.014799154334035,54.24628450106157
2025-11-27,45.675105485232066,42.76663146779303,41.014799154334035,53.552492046659594
2025-11-28,54.85232067510548,46.04012671594509,42.917547568710354,56.52173913043478
2025-12-01,53.58649789029536,46.99049630411827,41.86046511627907,54.93107104984093
2025-12-02,60.654008438818565,50.475184794086594,44.82029598308668,57.476139978791096
2025-12-03,69.19831223628692,55.86061246040127,49.471458773784356,60.55143160127253
2025-12-04,63.92405063291139,53.643083421330516,48.837209302325576,59.80911983032874
2025-12-05,69.51476793248945,58.28933474128828,51.26849894291755,62.142099681866384
2025-12-08,64.87341772151899,56.70538542766631,49.577167019027485,61.08165429480382
2025-12-09,62.65822784810127,56.177402323125655,48.731501057082454,60.44538706256628
2025-12-10,58.54430379746836,55.54382259767687,48.20295983086681,59.38494167550371
2025-12-11,66.45569620253164,58.60612460401268,51.162790697674424,62.460233297985155
2025-12-12,75.21097046413502,63.569165786694825,55.4968287526427,64.36903499469777
2025-12-15,71.72995780590718,62.93558606124604,55.285412262156456,63.62672322375398
2025-12-16,59.59915611814346,58.60612460401268,52.00845665961945,62.566277836691405
2025-12-17,62.0253164556962,59.55649419218585,53.69978858350951,63.3085896076352
2025-12-18,51.68776371308017,56.810982048574445,51.05708245243129,62.03605514316013
2025-12-19,58.016877637130804,59.0285110876452,54.33403805496829,63.3085896076352
2025-12-22,60.232067510548525,61.35163674762407,55.391120507399584,64.47507953340403
2025-12-23,49.789029535864984,58.18373812038015,53.59408033826638,62.03605514316013
2025-12-24,47.36286919831223,56.916578669482575,53.48837209302325,61.82396606574761
2025-12-26,37.34177215189873,53.959873284054915,50.317124735729394,60.23329798515377
2025-12-29,28.58649789029536,46.884899683210136,45.348837209302324,55.35524920466596
2025-12-30,25.21097046413502,43.083421330517425,44.08033826638478,54.93107104984093
2026-01-02,28.270042194092827,39.66244725738397,40.803382663847785,52.06786850477201
2026-01-05,30.168776371308013,39.9789029535865,41.754756871035944,52.38600212089077
2026-01-06,31.329113924050635,39.66244725738397,42.49471458773784,52.8101802757158
2026-01-07,25.31645569620253,36.81434599156118,39.95771670190275,49.25847457627119
2026-01-08,19.09282700421941,30.37974683544304,35.72938689217759,45.18518518518518
2026-01-09,22.468354430379748,33.9662447257384,38.372093023255815,46.34920634920635
2026-01-12,28.691983122362867,35.970464135021096,40.803382663847785,48.888888888888886
2026-01-13,33.438818565400844,38.18565400843882,41.86046511627907,48.783068783068785
2026-01-14,38.14541622760801,41.45569620253164,44.503171247357294,50.05291005291005
2026-01-15,41.93888303477345,43.35443037974683,46.19450317124736,51.64021164021164
2026-01-16,40.25289778714436,42.08860759493671,45.77167019027485,51.85185185185185
2026-01-19,42.99262381454162,42.29957805907173,45.03171247357294,51.53439153439153
2026-01-20,53.42465753424658,49.472573839662445,49.471458773784356,55.23809523809524
2026-01-21,43.94099051633298,43.88185654008439,45.45454545454545,51.216931216931215
2026-01-22,51.949420442571125,48.20675105485232,49.78858350951374,53.01587301587302
2026-01-23,65.33192834562698,55.907172995780584,54.54545454545454,56.613756613756614
2026-01-26,71.12750263435194,58.016877637130804,55.391120507399584,57.88359788359788
